{"is_source_file": false, "format": "", "description": "", "external_files": [], "external_methods": [], "published": [], "classes": [], "methods": [], "calls": [], "search-terms": [], "state": 2, "file_id": 15, "knowledge_revision": 47, "git_revision": "5a3dd6b8ad2345d0ff28b83764c1dfd419929b92", "hash": "492b1cc4724f5ec2d4d75a1a5e496bad", "format-version": 4, "code-base-name": "project_management_backend", "filename": "assets/supabase.md", "revision_history": [{"47": "5a3dd6b8ad2345d0ff28b83764c1dfd419929b92"}]}