{"is_source_file": false, "format": "", "description": "", "external_files": [], "external_methods": [], "published": [], "classes": [], "methods": [], "calls": [], "search-terms": [], "state": 2, "file_id": 14, "knowledge_revision": 46, "git_revision": "5a3dd6b8ad2345d0ff28b83764c1dfd419929b92", "ctags": [], "hash": "45b2079ff65cd507c9ebaab00aca1a7a", "format-version": 4, "code-base-name": "project_management_backend", "filename": "project_management_backend/src/api/routers/__init__.py", "revision_history": [{"46": "5a3dd6b8ad2345d0ff28b83764c1dfd419929b92"}]}