{"is_source_file": true, "format": "Python", "description": "This Python source file defines an API router for authentication functionalities, including user signup, login, logout, password reset, and fetching current user info, primarily using FastAPI and Supabase for backend services.", "external_files": ["src.api.schemas", "src.api.config", "src.api.middleware"], "external_methods": ["get_supabase_client", "security", "get_current_user"], "published": ["router"], "classes": [], "methods": [{"name": "str create_access_token(data: dict)", "description": "Creates a JWT access token using provided data, optionally signing locally if JWT_SECRET is configured.", "scope": "", "scopeKind": ""}, {"name": "signup(user_data: SignupRequest)", "description": "Registers a new user with email and password, creating a user profile in the database, and returning an auth response with a JWT.", "scope": "", "scopeKind": ""}, {"name": "login(credentials: LoginRequest)", "description": "Authenticates a user with email and password and returns an auth response with a JWT.", "scope": "", "scopeKind": ""}, {"name": "logout(credentials: HTTPAuthorizationCredentials = Depends(security))", "description": "Logs out the authenticated user by invalidating their session.", "scope": "", "scopeKind": ""}, {"name": "reset_password(reset_data: PasswordResetRequest)", "description": "Triggers the password reset flow by sending a reset email to the user.", "scope": "", "scopeKind": ""}, {"name": "get_me(credentials: HTTPAuthorizationCredentials = Depends(security))", "description": "Retrieves information about the currently authenticated user.", "scope": "", "scopeKind": ""}], "calls": ["get_supabase_client", "supabase.auth.sign_up", "supabase.table", "supabase.auth.sign_in_with_password", "supabase.auth.sign_out", "supabase.auth.reset_password_email", "get_current_user"], "search-terms": ["AuthRouter", "user signup", "JWT token generation", "Supabase auth integration", "password reset route"], "state": 2, "file_id": 8, "knowledge_revision": 40, "git_revision": "d386b3ae8146129663d0755ecea1fff6d8b17eaf", "revision_history": [{"26": ""}, {"31": "5a3dd6b8ad2345d0ff28b83764c1dfd419929b92"}, {"40": "d386b3ae8146129663d0755ecea1fff6d8b17eaf"}], "ctags": [{"_type": "tag", "name": "create_access_token", "path": "/home/kavia/workspace/code-generation/digital-agency-management-dashboard-303630-303639/project_management_backend/src/api/routers/auth.py", "pattern": "/^def create_access_token(data: dict) -> str:$/", "language": "Python", "typeref": "typename:str", "kind": "function", "signature": "(data: dict)"}, {"_type": "tag", "name": "get_me", "path": "/home/kavia/workspace/code-generation/digital-agency-management-dashboard-303630-303639/project_management_backend/src/api/routers/auth.py", "pattern": "/^async def get_me(credentials: HTTPAuthorizationCredentials = Depends(security)):$/", "language": "Python", "kind": "function", "signature": "(credentials: HTTPAuthorizationCredentials = Depends(security))"}, {"_type": "tag", "name": "login", "path": "/home/kavia/workspace/code-generation/digital-agency-management-dashboard-303630-303639/project_management_backend/src/api/routers/auth.py", "pattern": "/^async def login(credentials: LoginRequest):$/", "language": "Python", "kind": "function", "signature": "(credentials: LoginRequest)"}, {"_type": "tag", "name": "logout", "path": "/home/kavia/workspace/code-generation/digital-agency-management-dashboard-303630-303639/project_management_backend/src/api/routers/auth.py", "pattern": "/^async def logout(credentials: HTTPAuthorizationCredentials = Depends(security)):$/", "language": "Python", "kind": "function", "signature": "(credentials: HTTPAuthorizationCredentials = Depends(security))"}, {"_type": "tag", "name": "reset_password", "path": "/home/kavia/workspace/code-generation/digital-agency-management-dashboard-303630-303639/project_management_backend/src/api/routers/auth.py", "pattern": "/^async def reset_password(reset_data: PasswordResetRequest):$/", "language": "Python", "kind": "function", "signature": "(reset_data: PasswordResetRequest)"}, {"_type": "tag", "name": "router", "path": "/home/kavia/workspace/code-generation/digital-agency-management-dashboard-303630-303639/project_management_backend/src/api/routers/auth.py", "pattern": "/^router = APIRouter(prefix=\"\\/auth\", tags=[\"Authentication\"])$/", "language": "Python", "kind": "variable"}, {"_type": "tag", "name": "signup", "path": "/home/kavia/workspace/code-generation/digital-agency-management-dashboard-303630-303639/project_management_backend/src/api/routers/auth.py", "pattern": "/^async def signup(user_data: SignupRequest):$/", "language": "Python", "kind": "function", "signature": "(user_data: SignupRequest)"}], "hash": "76fbefd7f285c4d26c5d763371c3879e", "format-version": 4, "code-base-name": "project_management_backend", "filename": "project_management_backend/src/api/routers/auth.py", "fields": [{"name": "router = APIRouter(prefix=\"\\/auth\", tags=[\"Authentication\"])", "scope": "", "scopeKind": "", "description": "unavailable"}]}