{"is_source_file": true, "format": "Python", "description": "This file contains Pydantic schemas used for request validation, response modeling, and data serialization in the backend of a project management dashboard. It defines data structures for user authentication, user profiles, projects, clients, dashboard statistics, user settings, data export responses, and general message/error responses.", "external_files": ["pydantic", "datetime", "typing"], "external_methods": ["BaseModel", "EmailStr", "Field", "ConfigDict"], "published": ["SignupRequest", "LoginRequest", "PasswordResetRequest", "AuthResponse", "UserProfile", "UserProfileUpdate", "ProjectCreate", "ProjectUpdate", "Project", "ClientCreate", "ClientUpdate", "Client", "DashboardStats", "ThemePreference", "UserSettings", "DataExportResponse", "MessageResponse", "ErrorResponse"], "classes": [{"name": "SignupRequest", "description": "Schema for user signup request."}, {"name": "LoginRequest", "description": "Schema for user login request."}, {"name": "PasswordResetRequest", "description": "Schema for password reset request."}, {"name": "AuthResponse", "description": "Schema for authentication response, including access token and user info."}, {"name": "UserProfile", "description": "Schema for user profile information."}, {"name": "UserProfileUpdate", "description": "Schema for updating user profile."}, {"name": "ProjectCreate", "description": "Schema for creating a project."}, {"name": "ProjectUpdate", "description": "Schema for updating a project."}, {"name": "Project", "description": "Schema for project response data."}, {"name": "ClientCreate", "description": "Schema for creating a client."}, {"name": "ClientUpdate", "description": "Schema for updating a client."}, {"name": "Client", "description": "Schema for client response data."}, {"name": "DashboardStats", "description": "Schema for dashboard statistics."}, {"name": "ThemePreference", "description": "Schema for user theme preferences."}, {"name": "UserSettings", "description": "Schema for user settings."}, {"name": "DataExportResponse", "description": "Schema for data export response."}, {"name": "MessageResponse", "description": "Schema for general message responses."}, {"name": "ErrorResponse", "description": "Schema for error responses."}], "methods": [{"name": "ConfigDict", "description": "Method used in Pydantic models to specify configuration options, especially for JSON schema customization."}], "calls": [], "state": 2, "file_id": 6, "knowledge_revision": 24, "git_revision": "", "ctags": [{"_type": "tag", "name": "AuthResponse", "path": "/home/kavia/workspace/code-generation/digital-agency-management-dashboard-303630-303639/project_management_backend/src/api/schemas.py", "pattern": "/^class AuthResponse(BaseModel):$/", "language": "Python", "kind": "class"}, {"_type": "tag", "name": "Client", "path": "/home/kavia/workspace/code-generation/digital-agency-management-dashboard-303630-303639/project_management_backend/src/api/schemas.py", "pattern": "/^class Client(BaseModel):$/", "language": "Python", "kind": "class"}, {"_type": "tag", "name": "ClientCreate", "path": "/home/kavia/workspace/code-generation/digital-agency-management-dashboard-303630-303639/project_management_backend/src/api/schemas.py", "pattern": "/^class ClientCreate(BaseModel):$/", "language": "Python", "kind": "class"}, {"_type": "tag", "name": "ClientUpdate", "path": "/home/kavia/workspace/code-generation/digital-agency-management-dashboard-303630-303639/project_management_backend/src/api/schemas.py", "pattern": "/^class ClientUpdate(BaseModel):$/", "language": "Python", "kind": "class"}, {"_type": "tag", "name": "DashboardStats", "path": "/home/kavia/workspace/code-generation/digital-agency-management-dashboard-303630-303639/project_management_backend/src/api/schemas.py", "pattern": "/^class DashboardStats(BaseModel):$/", "language": "Python", "kind": "class"}, {"_type": "tag", "name": "DataExportResponse", "path": "/home/kavia/workspace/code-generation/digital-agency-management-dashboard-303630-303639/project_management_backend/src/api/schemas.py", "pattern": "/^class DataExportResponse(BaseModel):$/", "language": "Python", "kind": "class"}, {"_type": "tag", "name": "ErrorResponse", "path": "/home/kavia/workspace/code-generation/digital-agency-management-dashboard-303630-303639/project_management_backend/src/api/schemas.py", "pattern": "/^class ErrorResponse(BaseModel):$/", "language": "Python", "kind": "class"}, {"_type": "tag", "name": "LoginRequest", "path": "/home/kavia/workspace/code-generation/digital-agency-management-dashboard-303630-303639/project_management_backend/src/api/schemas.py", "pattern": "/^class LoginRequest(BaseModel):$/", "language": "Python", "kind": "class"}, {"_type": "tag", "name": "MessageResponse", "path": "/home/kavia/workspace/code-generation/digital-agency-management-dashboard-303630-303639/project_management_backend/src/api/schemas.py", "pattern": "/^class MessageResponse(BaseModel):$/", "language": "Python", "kind": "class"}, {"_type": "tag", "name": "PasswordResetRequest", "path": "/home/kavia/workspace/code-generation/digital-agency-management-dashboard-303630-303639/project_management_backend/src/api/schemas.py", "pattern": "/^class PasswordResetRequest(BaseModel):$/", "language": "Python", "kind": "class"}, {"_type": "tag", "name": "Project", "path": "/home/kavia/workspace/code-generation/digital-agency-management-dashboard-303630-303639/project_management_backend/src/api/schemas.py", "pattern": "/^class Project(BaseModel):$/", "language": "Python", "kind": "class"}, {"_type": "tag", "name": "ProjectCreate", "path": "/home/kavia/workspace/code-generation/digital-agency-management-dashboard-303630-303639/project_management_backend/src/api/schemas.py", "pattern": "/^class ProjectCreate(BaseModel):$/", "language": "Python", "kind": "class"}, {"_type": "tag", "name": "ProjectUpdate", "path": "/home/kavia/workspace/code-generation/digital-agency-management-dashboard-303630-303639/project_management_backend/src/api/schemas.py", "pattern": "/^class ProjectUpdate(BaseModel):$/", "language": "Python", "kind": "class"}, {"_type": "tag", "name": "SignupRequest", "path": "/home/kavia/workspace/code-generation/digital-agency-management-dashboard-303630-303639/project_management_backend/src/api/schemas.py", "pattern": "/^class SignupRequest(BaseModel):$/", "language": "Python", "kind": "class"}, {"_type": "tag", "name": "ThemePreference", "path": "/home/kavia/workspace/code-generation/digital-agency-management-dashboard-303630-303639/project_management_backend/src/api/schemas.py", "pattern": "/^class ThemePreference(BaseModel):$/", "language": "Python", "kind": "class"}, {"_type": "tag", "name": "UserProfile", "path": "/home/kavia/workspace/code-generation/digital-agency-management-dashboard-303630-303639/project_management_backend/src/api/schemas.py", "pattern": "/^class UserProfile(BaseModel):$/", "language": "Python", "kind": "class"}, {"_type": "tag", "name": "UserProfileUpdate", "path": "/home/kavia/workspace/code-generation/digital-agency-management-dashboard-303630-303639/project_management_backend/src/api/schemas.py", "pattern": "/^class UserProfileUpdate(BaseModel):$/", "language": "Python", "kind": "class"}, {"_type": "tag", "name": "UserSettings", "path": "/home/kavia/workspace/code-generation/digital-agency-management-dashboard-303630-303639/project_management_backend/src/api/schemas.py", "pattern": "/^class UserSettings(BaseModel):$/", "language": "Python", "kind": "class"}, {"_type": "tag", "name": "access_token", "path": "/home/kavia/workspace/code-generation/digital-agency-management-dashboard-303630-303639/project_management_backend/src/api/schemas.py", "pattern": "/^    access_token: str = Field(..., description=\"JWT access token\")$/", "language": "Python", "typeref": "typename:str", "kind": "variable", "scope": "AuthResponse", "scopeKind": "class"}, {"_type": "tag", "name": "active_projects", "path": "/home/kavia/workspace/code-generation/digital-agency-management-dashboard-303630-303639/project_management_backend/src/api/schemas.py", "pattern": "/^    active_projects: int = Field(..., description=\"Number of active projects\")$/", "language": "Python", "typeref": "typename:int", "kind": "variable", "scope": "DashboardStats", "scopeKind": "class"}, {"_type": "tag", "name": "address", "path": "/home/kavia/workspace/code-generation/digital-agency-management-dashboard-303630-303639/project_management_backend/src/api/schemas.py", "pattern": "/^    address: Optional[str] = Field(None, description=\"Client address\")$/", "language": "Python", "typeref": "typename:Optional[str]", "kind": "variable", "scope": "Client", "scopeKind": "class"}, {"_type": "tag", "name": "address", "path": "/home/kavia/workspace/code-generation/digital-agency-management-dashboard-303630-303639/project_management_backend/src/api/schemas.py", "pattern": "/^    address: Optional[str] = Field(None, description=\"Client address\")$/", "language": "Python", "typeref": "typename:Optional[str]", "kind": "variable", "scope": "ClientCreate", "scopeKind": "class"}, {"_type": "tag", "name": "address", "path": "/home/kavia/workspace/code-generation/digital-agency-management-dashboard-303630-303639/project_management_backend/src/api/schemas.py", "pattern": "/^    address: Optional[str] = Field(None, description=\"Client address\")$/", "language": "Python", "typeref": "typename:Optional[str]", "kind": "variable", "scope": "ClientUpdate", "scopeKind": "class"}, {"_type": "tag", "name": "avatar_url", "path": "/home/kavia/workspace/code-generation/digital-agency-management-dashboard-303630-303639/project_management_backend/src/api/schemas.py", "pattern": "/^    avatar_url: Optional[str] = Field(None, description=\"User avatar URL\")$/", "language": "Python", "typeref": "typename:Optional[str]", "kind": "variable", "scope": "UserProfile", "scopeKind": "class"}, {"_type": "tag", "name": "avatar_url", "path": "/home/kavia/workspace/code-generation/digital-agency-management-dashboard-303630-303639/project_management_backend/src/api/schemas.py", "pattern": "/^    avatar_url: Optional[str] = Field(None, description=\"User avatar URL\")$/", "language": "Python", "typeref": "typename:Optional[str]", "kind": "variable", "scope": "UserProfileUpdate", "scopeKind": "class"}, {"_type": "tag", "name": "budget", "path": "/home/kavia/workspace/code-generation/digital-agency-management-dashboard-303630-303639/project_management_backend/src/api/schemas.py", "pattern": "/^    budget: Optional[float] = Field(None, description=\"Project budget\")$/", "language": "Python", "typeref": "typename:Optional[float]", "kind": "variable", "scope": "Project", "scopeKind": "class"}, {"_type": "tag", "name": "budget", "path": "/home/kavia/workspace/code-generation/digital-agency-management-dashboard-303630-303639/project_management_backend/src/api/schemas.py", "pattern": "/^    budget: Optional[float] = Field(None, ge=0, description=\"Project budget\")$/", "language": "Python", "typeref": "typename:Optional[float]", "kind": "variable", "scope": "ProjectCreate", "scopeKind": "class"}, {"_type": "tag", "name": "budget", "path": "/home/kavia/workspace/code-generation/digital-agency-management-dashboard-303630-303639/project_management_backend/src/api/schemas.py", "pattern": "/^    budget: Optional[float] = Field(None, ge=0, description=\"Project budget\")$/", "language": "Python", "typeref": "typename:Optional[float]", "kind": "variable", "scope": "ProjectUpdate", "scopeKind": "class"}, {"_type": "tag", "name": "client_id", "path": "/home/kavia/workspace/code-generation/digital-agency-management-dashboard-303630-303639/project_management_backend/src/api/schemas.py", "pattern": "/^    client_id: Optional[str] = Field(None, description=\"Associated client ID\")$/", "language": "Python", "typeref": "typename:Optional[str]", "kind": "variable", "scope": "Project", "scopeKind": "class"}, {"_type": "tag", "name": "client_id", "path": "/home/kavia/workspace/code-generation/digital-agency-management-dashboard-303630-303639/project_management_backend/src/api/schemas.py", "pattern": "/^    client_id: Optional[str] = Field(None, description=\"Associated client ID\")$/", "language": "Python", "typeref": "typename:Optional[str]", "kind": "variable", "scope": "ProjectCreate", "scopeKind": "class"}, {"_type": "tag", "name": "client_id", "path": "/home/kavia/workspace/code-generation/digital-agency-management-dashboard-303630-303639/project_management_backend/src/api/schemas.py", "pattern": "/^    client_id: Optional[str] = Field(None, description=\"Associated client ID\")$/", "language": "Python", "typeref": "typename:Optional[str]", "kind": "variable", "scope": "ProjectUpdate", "scopeKind": "class"}, {"_type": "tag", "name": "company", "path": "/home/kavia/workspace/code-generation/digital-agency-management-dashboard-303630-303639/project_management_backend/src/api/schemas.py", "pattern": "/^    company: Optional[str] = Field(None, description=\"Client company name\")$/", "language": "Python", "typeref": "typename:Optional[str]", "kind": "variable", "scope": "Client", "scopeKind": "class"}, {"_type": "tag", "name": "company", "path": "/home/kavia/workspace/code-generation/digital-agency-management-dashboard-303630-303639/project_management_backend/src/api/schemas.py", "pattern": "/^    company: Optional[str] = Field(None, description=\"Client company name\")$/", "language": "Python", "typeref": "typename:Optional[str]", "kind": "variable", "scope": "ClientCreate", "scopeKind": "class"}, {"_type": "tag", "name": "company", "path": "/home/kavia/workspace/code-generation/digital-agency-management-dashboard-303630-303639/project_management_backend/src/api/schemas.py", "pattern": "/^    company: Optional[str] = Field(None, description=\"Client company name\")$/", "language": "Python", "typeref": "typename:Optional[str]", "kind": "variable", "scope": "ClientUpdate", "scopeKind": "class"}, {"_type": "tag", "name": "completed_projects", "path": "/home/kavia/workspace/code-generation/digital-agency-management-dashboard-303630-303639/project_management_backend/src/api/schemas.py", "pattern": "/^    completed_projects: int = Field(..., description=\"Number of completed projects\")$/", "language": "Python", "typeref": "typename:int", "kind": "variable", "scope": "DashboardStats", "scopeKind": "class"}, {"_type": "tag", "name": "created_at", "path": "/home/kavia/workspace/code-generation/digital-agency-management-dashboard-303630-303639/project_management_backend/src/api/schemas.py", "pattern": "/^    created_at: datetime = Field(..., description=\"Creation timestamp\")$/", "language": "Python", "typeref": "typename:datetime", "kind": "variable", "scope": "Client", "scopeKind": "class"}, {"_type": "tag", "name": "created_at", "path": "/home/kavia/workspace/code-generation/digital-agency-management-dashboard-303630-303639/project_management_backend/src/api/schemas.py", "pattern": "/^    created_at: datetime = Field(..., description=\"Creation timestamp\")$/", "language": "Python", "typeref": "typename:datetime", "kind": "variable", "scope": "Project", "scopeKind": "class"}, {"_type": "tag", "name": "created_at", "path": "/home/kavia/workspace/code-generation/digital-agency-management-dashboard-303630-303639/project_management_backend/src/api/schemas.py", "pattern": "/^    created_at: datetime = Field(..., description=\"Creation timestamp\")$/", "language": "Python", "typeref": "typename:datetime", "kind": "variable", "scope": "UserSettings", "scopeKind": "class"}, {"_type": "tag", "name": "created_at", "path": "/home/kavia/workspace/code-generation/digital-agency-management-dashboard-303630-303639/project_management_backend/src/api/schemas.py", "pattern": "/^    created_at: datetime = Field(..., description=\"User creation timestamp\")$/", "language": "Python", "typeref": "typename:datetime", "kind": "variable", "scope": "UserProfile", "scopeKind": "class"}, {"_type": "tag", "name": "data", "path": "/home/kavia/workspace/code-generation/digital-agency-management-dashboard-303630-303639/project_management_backend/src/api/schemas.py", "pattern": "/^    data: dict = Field(..., description=\"Exported data\")$/", "language": "Python", "typeref": "typename:dict", "kind": "variable", "scope": "DataExportResponse", "scopeKind": "class"}, {"_type": "tag", "name": "description", "path": "/home/kavia/workspace/code-generation/digital-agency-management-dashboard-303630-303639/project_management_backend/src/api/schemas.py", "pattern": "/^    description: Optional[str] = Field(None, description=\"Project description\")$/", "language": "Python", "typeref": "typename:Optional[str]", "kind": "variable", "scope": "Project", "scopeKind": "class"}, {"_type": "tag", "name": "description", "path": "/home/kavia/workspace/code-generation/digital-agency-management-dashboard-303630-303639/project_management_backend/src/api/schemas.py", "pattern": "/^    description: Optional[str] = Field(None, description=\"Project description\")$/", "language": "Python", "typeref": "typename:Optional[str]", "kind": "variable", "scope": "ProjectCreate", "scopeKind": "class"}, {"_type": "tag", "name": "description", "path": "/home/kavia/workspace/code-generation/digital-agency-management-dashboard-303630-303639/project_management_backend/src/api/schemas.py", "pattern": "/^    description: Optional[str] = Field(None, description=\"Project description\")$/", "language": "Python", "typeref": "typename:Optional[str]", "kind": "variable", "scope": "ProjectUpdate", "scopeKind": "class"}, {"_type": "tag", "name": "detail", "path": "/home/kavia/workspace/code-generation/digital-agency-management-dashboard-303630-303639/project_management_backend/src/api/schemas.py", "pattern": "/^    detail: str = Field(..., description=\"Error detail message\")$/", "language": "Python", "typeref": "typename:str", "kind": "variable", "scope": "ErrorResponse", "scopeKind": "class"}, {"_type": "tag", "name": "email", "path": "/home/kavia/workspace/code-generation/digital-agency-management-dashboard-303630-303639/project_management_backend/src/api/schemas.py", "pattern": "/^    email: EmailStr = Field(..., description=\"User email address for password reset\")$/", "language": "Python", "typeref": "typename:EmailStr", "kind": "variable", "scope": "PasswordResetRequest", "scopeKind": "class"}, {"_type": "tag", "name": "email", "path": "/home/kavia/workspace/code-generation/digital-agency-management-dashboard-303630-303639/project_management_backend/src/api/schemas.py", "pattern": "/^    email: EmailStr = Field(..., description=\"User email address\")$/", "language": "Python", "typeref": "typename:EmailStr", "kind": "variable", "scope": "LoginRequest", "scopeKind": "class"}, {"_type": "tag", "name": "email", "path": "/home/kavia/workspace/code-generation/digital-agency-management-dashboard-303630-303639/project_management_backend/src/api/schemas.py", "pattern": "/^    email: EmailStr = Field(..., description=\"User email address\")$/", "language": "Python", "typeref": "typename:EmailStr", "kind": "variable", "scope": "SignupRequest", "scopeKind": "class"}, {"_type": "tag", "name": "email", "path": "/home/kavia/workspace/code-generation/digital-agency-management-dashboard-303630-303639/project_management_backend/src/api/schemas.py", "pattern": "/^    email: Optional[EmailStr] = Field(None, description=\"Client email address\")$/", "language": "Python", "typeref": "typename:Optional[EmailStr]", "kind": "variable", "scope": "ClientCreate", "scopeKind": "class"}, {"_type": "tag", "name": "email", "path": "/home/kavia/workspace/code-generation/digital-agency-management-dashboard-303630-303639/project_management_backend/src/api/schemas.py", "pattern": "/^    email: Optional[EmailStr] = Field(None, description=\"Client email address\")$/", "language": "Python", "typeref": "typename:Optional[EmailStr]", "kind": "variable", "scope": "ClientUpdate", "scopeKind": "class"}, {"_type": "tag", "name": "email", "path": "/home/kavia/workspace/code-generation/digital-agency-management-dashboard-303630-303639/project_management_backend/src/api/schemas.py", "pattern": "/^    email: Optional[str] = Field(None, description=\"Client email address\")$/", "language": "Python", "typeref": "typename:Optional[str]", "kind": "variable", "scope": "Client", "scopeKind": "class"}, {"_type": "tag", "name": "email", "path": "/home/kavia/workspace/code-generation/digital-agency-management-dashboard-303630-303639/project_management_backend/src/api/schemas.py", "pattern": "/^    email: str = Field(..., description=\"User email address\")$/", "language": "Python", "typeref": "typename:str", "kind": "variable", "scope": "UserProfile", "scopeKind": "class"}, {"_type": "tag", "name": "end_date", "path": "/home/kavia/workspace/code-generation/digital-agency-management-dashboard-303630-303639/project_management_backend/src/api/schemas.py", "pattern": "/^    end_date: Optional[datetime] = Field(None, description=\"Project end date\")$/", "language": "Python", "typeref": "typename:Optional[datetime]", "kind": "variable", "scope": "Project", "scopeKind": "class"}, {"_type": "tag", "name": "end_date", "path": "/home/kavia/workspace/code-generation/digital-agency-management-dashboard-303630-303639/project_management_backend/src/api/schemas.py", "pattern": "/^    end_date: Optional[datetime] = Field(None, description=\"Project end date\")$/", "language": "Python", "typeref": "typename:Optional[datetime]", "kind": "variable", "scope": "ProjectCreate", "scopeKind": "class"}, {"_type": "tag", "name": "end_date", "path": "/home/kavia/workspace/code-generation/digital-agency-management-dashboard-303630-303639/project_management_backend/src/api/schemas.py", "pattern": "/^    end_date: Optional[datetime] = Field(None, description=\"Project end date\")$/", "language": "Python", "typeref": "typename:Optional[datetime]", "kind": "variable", "scope": "ProjectUpdate", "scopeKind": "class"}, {"_type": "tag", "name": "full_name", "path": "/home/kavia/workspace/code-generation/digital-agency-management-dashboard-303630-303639/project_management_backend/src/api/schemas.py", "pattern": "/^    full_name: Optional[str] = Field(None, description=\"User full name\")$/", "language": "Python", "typeref": "typename:Optional[str]", "kind": "variable", "scope": "UserProfileUpdate", "scopeKind": "class"}, {"_type": "tag", "name": "full_name", "path": "/home/kavia/workspace/code-generation/digital-agency-management-dashboard-303630-303639/project_management_backend/src/api/schemas.py", "pattern": "/^    full_name: str = Field(..., description=\"User full name\")$/", "language": "Python", "typeref": "typename:str", "kind": "variable", "scope": "UserProfile", "scopeKind": "class"}, {"_type": "tag", "name": "full_name", "path": "/home/kavia/workspace/code-generation/digital-agency-management-dashboard-303630-303639/project_management_backend/src/api/schemas.py", "pattern": "/^    full_name: str = Field(..., min_length=1, description=\"User full name\")$/", "language": "Python", "typeref": "typename:str", "kind": "variable", "scope": "SignupRequest", "scopeKind": "class"}, {"_type": "tag", "name": "id", "path": "/home/kavia/workspace/code-generation/digital-agency-management-dashboard-303630-303639/project_management_backend/src/api/schemas.py", "pattern": "/^    id: str = Field(..., description=\"Client unique identifier\")$/", "language": "Python", "typeref": "typename:str", "kind": "variable", "scope": "Client", "scopeKind": "class"}, {"_type": "tag", "name": "id", "path": "/home/kavia/workspace/code-generation/digital-agency-management-dashboard-303630-303639/project_management_backend/src/api/schemas.py", "pattern": "/^    id: str = Field(..., description=\"Project unique identifier\")$/", "language": "Python", "typeref": "typename:str", "kind": "variable", "scope": "Project", "scopeKind": "class"}, {"_type": "tag", "name": "id", "path": "/home/kavia/workspace/code-generation/digital-agency-management-dashboard-303630-303639/project_management_backend/src/api/schemas.py", "pattern": "/^    id: str = Field(..., description=\"Settings unique identifier\")$/", "language": "Python", "typeref": "typename:str", "kind": "variable", "scope": "UserSettings", "scopeKind": "class"}, {"_type": "tag", "name": "id", "path": "/home/kavia/workspace/code-generation/digital-agency-management-dashboard-303630-303639/project_management_backend/src/api/schemas.py", "pattern": "/^    id: str = Field(..., description=\"User unique identifier\")$/", "language": "Python", "typeref": "typename:str", "kind": "variable", "scope": "UserProfile", "scopeKind": "class"}, {"_type": "tag", "name": "message", "path": "/home/kavia/workspace/code-generation/digital-agency-management-dashboard-303630-303639/project_management_backend/src/api/schemas.py", "pattern": "/^    message: str = Field(..., description=\"Export status message\")$/", "language": "Python", "typeref": "typename:str", "kind": "variable", "scope": "DataExportResponse", "scopeKind": "class"}, {"_type": "tag", "name": "message", "path": "/home/kavia/workspace/code-generation/digital-agency-management-dashboard-303630-303639/project_management_backend/src/api/schemas.py", "pattern": "/^    message: str = Field(..., description=\"Response message\")$/", "language": "Python", "typeref": "typename:str", "kind": "variable", "scope": "MessageResponse", "scopeKind": "class"}, {"_type": "tag", "name": "model_config", "path": "/home/kavia/workspace/code-generation/digital-agency-management-dashboard-303630-303639/project_management_backend/src/api/schemas.py", "pattern": "/^    model_config = ConfigDict(json_schema_extra={$/", "language": "Python", "kind": "variable", "scope": "AuthResponse", "scopeKind": "class"}, {"_type": "tag", "name": "model_config", "path": "/home/kavia/workspace/code-generation/digital-agency-management-dashboard-303630-303639/project_management_backend/src/api/schemas.py", "pattern": "/^    model_config = ConfigDict(json_schema_extra={$/", "language": "Python", "kind": "variable", "scope": "Client", "scopeKind": "class"}, {"_type": "tag", "name": "model_config", "path": "/home/kavia/workspace/code-generation/digital-agency-management-dashboard-303630-303639/project_management_backend/src/api/schemas.py", "pattern": "/^    model_config = ConfigDict(json_schema_extra={$/", "language": "Python", "kind": "variable", "scope": "ClientCreate", "scopeKind": "class"}, {"_type": "tag", "name": "model_config", "path": "/home/kavia/workspace/code-generation/digital-agency-management-dashboard-303630-303639/project_management_backend/src/api/schemas.py", "pattern": "/^    model_config = ConfigDict(json_schema_extra={$/", "language": "Python", "kind": "variable", "scope": "DashboardStats", "scopeKind": "class"}, {"_type": "tag", "name": "model_config", "path": "/home/kavia/workspace/code-generation/digital-agency-management-dashboard-303630-303639/project_management_backend/src/api/schemas.py", "pattern": "/^    model_config = ConfigDict(json_schema_extra={$/", "language": "Python", "kind": "variable", "scope": "DataExportResponse", "scopeKind": "class"}, {"_type": "tag", "name": "model_config", "path": "/home/kavia/workspace/code-generation/digital-agency-management-dashboard-303630-303639/project_management_backend/src/api/schemas.py", "pattern": "/^    model_config = ConfigDict(json_schema_extra={$/", "language": "Python", "kind": "variable", "scope": "ErrorResponse", "scopeKind": "class"}, {"_type": "tag", "name": "model_config", "path": "/home/kavia/workspace/code-generation/digital-agency-management-dashboard-303630-303639/project_management_backend/src/api/schemas.py", "pattern": "/^    model_config = ConfigDict(json_schema_extra={$/", "language": "Python", "kind": "variable", "scope": "LoginRequest", "scopeKind": "class"}, {"_type": "tag", "name": "model_config", "path": "/home/kavia/workspace/code-generation/digital-agency-management-dashboard-303630-303639/project_management_backend/src/api/schemas.py", "pattern": "/^    model_config = ConfigDict(json_schema_extra={$/", "language": "Python", "kind": "variable", "scope": "MessageResponse", "scopeKind": "class"}, {"_type": "tag", "name": "model_config", "path": "/home/kavia/workspace/code-generation/digital-agency-management-dashboard-303630-303639/project_management_backend/src/api/schemas.py", "pattern": "/^    model_config = ConfigDict(json_schema_extra={$/", "language": "Python", "kind": "variable", "scope": "PasswordResetRequest", "scopeKind": "class"}, {"_type": "tag", "name": "model_config", "path": "/home/kavia/workspace/code-generation/digital-agency-management-dashboard-303630-303639/project_management_backend/src/api/schemas.py", "pattern": "/^    model_config = ConfigDict(json_schema_extra={$/", "language": "Python", "kind": "variable", "scope": "Project", "scopeKind": "class"}, {"_type": "tag", "name": "model_config", "path": "/home/kavia/workspace/code-generation/digital-agency-management-dashboard-303630-303639/project_management_backend/src/api/schemas.py", "pattern": "/^    model_config = ConfigDict(json_schema_extra={$/", "language": "Python", "kind": "variable", "scope": "ProjectCreate", "scopeKind": "class"}, {"_type": "tag", "name": "model_config", "path": "/home/kavia/workspace/code-generation/digital-agency-management-dashboard-303630-303639/project_management_backend/src/api/schemas.py", "pattern": "/^    model_config = ConfigDict(json_schema_extra={$/", "language": "Python", "kind": "variable", "scope": "SignupRequest", "scopeKind": "class"}, {"_type": "tag", "name": "model_config", "path": "/home/kavia/workspace/code-generation/digital-agency-management-dashboard-303630-303639/project_management_backend/src/api/schemas.py", "pattern": "/^    model_config = ConfigDict(json_schema_extra={$/", "language": "Python", "kind": "variable", "scope": "ThemePreference", "scopeKind": "class"}, {"_type": "tag", "name": "model_config", "path": "/home/kavia/workspace/code-generation/digital-agency-management-dashboard-303630-303639/project_management_backend/src/api/schemas.py", "pattern": "/^    model_config = ConfigDict(json_schema_extra={$/", "language": "Python", "kind": "variable", "scope": "UserProfile", "scopeKind": "class"}, {"_type": "tag", "name": "model_config", "path": "/home/kavia/workspace/code-generation/digital-agency-management-dashboard-303630-303639/project_management_backend/src/api/schemas.py", "pattern": "/^    model_config = ConfigDict(json_schema_extra={$/", "language": "Python", "kind": "variable", "scope": "UserProfileUpdate", "scopeKind": "class"}, {"_type": "tag", "name": "model_config", "path": "/home/kavia/workspace/code-generation/digital-agency-management-dashboard-303630-303639/project_management_backend/src/api/schemas.py", "pattern": "/^    model_config = ConfigDict(json_schema_extra={$/", "language": "Python", "kind": "variable", "scope": "UserSettings", "scopeKind": "class"}, {"_type": "tag", "name": "name", "path": "/home/kavia/workspace/code-generation/digital-agency-management-dashboard-303630-303639/project_management_backend/src/api/schemas.py", "pattern": "/^    name: Optional[str] = Field(None, min_length=1, description=\"Client name\")$/", "language": "Python", "typeref": "typename:Optional[str]", "kind": "variable", "scope": "ClientUpdate", "scopeKind": "class"}, {"_type": "tag", "name": "name", "path": "/home/kavia/workspace/code-generation/digital-agency-management-dashboard-303630-303639/project_management_backend/src/api/schemas.py", "pattern": "/^    name: Optional[str] = Field(None, min_length=1, description=\"Project name\")$/", "language": "Python", "typeref": "typename:Optional[str]", "kind": "variable", "scope": "ProjectUpdate", "scopeKind": "class"}, {"_type": "tag", "name": "name", "path": "/home/kavia/workspace/code-generation/digital-agency-management-dashboard-303630-303639/project_management_backend/src/api/schemas.py", "pattern": "/^    name: str = Field(..., description=\"Client name\")$/", "language": "Python", "typeref": "typename:str", "kind": "variable", "scope": "Client", "scopeKind": "class"}, {"_type": "tag", "name": "name", "path": "/home/kavia/workspace/code-generation/digital-agency-management-dashboard-303630-303639/project_management_backend/src/api/schemas.py", "pattern": "/^    name: str = Field(..., description=\"Project name\")$/", "language": "Python", "typeref": "typename:str", "kind": "variable", "scope": "Project", "scopeKind": "class"}], "hash": "a3155b231e3826bc2a2a0e937162f62c", "format-version": 4, "code-base-name": "project_management_backend", "filename": "project_management_backend/src/api/schemas.py", "search-terms": [], "fields": [{"name": "str access_token", "scope": "AuthResponse", "scopeKind": "class", "description": "unavailable"}, {"name": "int active_projects", "scope": "DashboardStats", "scopeKind": "class", "description": "unavailable"}, {"name": "Optional[str] address", "scope": "Client", "scopeKind": "class", "description": "unavailable"}, {"name": "Optional[str] avatar_url", "scope": "UserProfile", "scopeKind": "class", "description": "unavailable"}, {"name": "Optional[float] budget", "scope": "Project", "scopeKind": "class", "description": "unavailable"}, {"name": "Optional[str] client_id", "scope": "Project", "scopeKind": "class", "description": "unavailable"}, {"name": "Optional[str] company", "scope": "Client", "scopeKind": "class", "description": "unavailable"}, {"name": "int completed_projects", "scope": "DashboardStats", "scopeKind": "class", "description": "unavailable"}, {"name": "datetime created_at", "scope": "Client", "scopeKind": "class", "description": "unavailable"}, {"name": "dict data", "scope": "DataExportResponse", "scopeKind": "class", "description": "unavailable"}, {"name": "Optional[str] description", "scope": "Project", "scopeKind": "class", "description": "unavailable"}, {"name": "str detail", "scope": "ErrorResponse", "scopeKind": "class", "description": "unavailable"}, {"name": "EmailStr email", "scope": "PasswordResetRequest", "scopeKind": "class", "description": "unavailable"}, {"name": "Optional[EmailStr] email", "scope": "ClientCreate", "scopeKind": "class", "description": "unavailable"}, {"name": "Optional[str] email", "scope": "Client", "scopeKind": "class", "description": "unavailable"}, {"name": "str email", "scope": "UserProfile", "scopeKind": "class", "description": "unavailable"}, {"name": "Optional[datetime] end_date", "scope": "Project", "scopeKind": "class", "description": "unavailable"}, {"name": "Optional[str] full_name", "scope": "UserProfileUpdate", "scopeKind": "class", "description": "unavailable"}, {"name": "str full_name", "scope": "UserProfile", "scopeKind": "class", "description": "unavailable"}, {"name": "str id", "scope": "Client", "scopeKind": "class", "description": "unavailable"}, {"name": "str message", "scope": "DataExportResponse", "scopeKind": "class", "description": "unavailable"}, {"name": "model_config = ConfigDict(json_schema_extra={", "scope": "AuthResponse", "scopeKind": "class", "description": "unavailable"}, {"name": "Optional[str] name", "scope": "ClientUpdate", "scopeKind": "class", "description": "unavailable"}, {"name": "str name", "scope": "Client", "scopeKind": "class", "description": "unavailable"}], "revision_history": [{"24": ""}]}