{"is_source_file": true, "format": "Python", "description": "This is a Python source file defining API routes for a dashboard, using FastAPI framework. It provides an endpoint to retrieve various aggregated statistics related to projects and clients for an authenticated user.", "external_files": ["src.api.schemas", "src.api.config", "src.api.middleware"], "external_methods": ["get_supabase_client", "get_current_user", "security"], "published": ["router"], "classes": [{"name": "DashboardStats", "description": "A data model representing aggregated dashboard statistics including project counts, client counts, revenue, and recent projects.", "methods": []}, {"name": "Project", "description": "A data model representing project details used within dashboard statistics, likely a Pydantic schema.", "methods": []}], "methods": [{"name": "get_dashboard_stats(credentials: HTTPAuthorizationCredentials = Depends(security))", "description": "Async function that retrieves and calculates dashboard statistics for the authenticated user, including project and client counts, total revenue, and recent projects.", "scope": "", "scopeKind": ""}], "calls": ["get_current_user(credentials)", "get_supabase_client()", "supabase.table('projects').select('*').eq('user_id', user['id']).execute()", "supabase.table('clients').select('*').eq('user_id', user['id']).execute()"], "search-terms": ["dashboard", "stats", "get_dashboard_stats", "APIRouter", "supabase", "Project", "DashboardStats"], "state": 2, "file_id": 12, "knowledge_revision": 43, "git_revision": "5e77667b9c5e255484d633346b1ba6468c96d4e2", "revision_history": [{"30": ""}, {"43": "5e77667b9c5e255484d633346b1ba6468c96d4e2"}], "ctags": [{"_type": "tag", "name": "get_dashboard_stats", "path": "/home/kavia/workspace/code-generation/digital-agency-management-dashboard-303630-303639/project_management_backend/src/api/routers/dashboard.py", "pattern": "/^async def get_dashboard_stats(credentials: HTTPAuthorizationCredentials = Depends(security)):$/", "language": "Python", "kind": "function", "signature": "(credentials: HTTPAuthorizationCredentials = Depends(security))"}, {"_type": "tag", "name": "router", "path": "/home/kavia/workspace/code-generation/digital-agency-management-dashboard-303630-303639/project_management_backend/src/api/routers/dashboard.py", "pattern": "/^router = APIRouter(prefix=\"\\/dashboard\", tags=[\"Dashboard\"])$/", "language": "Python", "kind": "variable"}], "hash": "52a0e7a847df5f463fbba6f46532be96", "format-version": 4, "code-base-name": "project_management_backend", "filename": "project_management_backend/src/api/routers/dashboard.py", "fields": [{"name": "router = APIRouter(prefix=\"\\/dashboard\", tags=[\"Dashboard\"])", "scope": "", "scopeKind": "", "description": "unavailable"}]}