{"is_source_file": true, "format": "Python", "description": "This file defines API endpoints for user profile CRUD operations (get, update, delete) using FastAPI. It manages user profile data stored in a Supabase database, with authentication dependencies.", "external_files": ["src.api.schemas", "src.api.config", "src.api.middleware"], "external_methods": ["get_supabase_client", "get_current_user"], "published": ["router"], "classes": [], "methods": [{"name": "get_profile(credentials: HTTPAuthorizationCredentials = Depends(security))", "description": "Retrieves the profile of the authenticated user.", "scope": "", "scopeKind": ""}, {"name": "update_profile( profile_update: UserProfileUpdate, credentials: HTTPAuthorizationCredentials = Depends(security) )", "description": "Updates the authenticated user's profile with provided fields.", "scope": "", "scopeKind": ""}, {"name": "delete_profile(credentials: HTTPAuthorizationCredentials = Depends(security))", "description": "Deletes the authenticated user's profile and account.", "scope": "", "scopeKind": ""}], "calls": ["get_current_user(credentials)", "get_supabase_client()", "supabase.table(\"user_profiles\").select(\"*\").eq(\"id\", user[\"id\"]).execute()", "supabase.table(\"user_profiles\").update(update_data).eq(\"id\", user[\"id\"]).execute()", "supabase.table(\"user_profiles\").delete().eq(\"id\", user[\"id\"]).execute()"], "search-terms": ["FastAPI user profile CRUD", "Supabase user profile", "authentication dependency", "profile update API"], "state": 2, "file_id": 9, "knowledge_revision": 41, "git_revision": "d386b3ae8146129663d0755ecea1fff6d8b17eaf", "revision_history": [{"27": ""}, {"41": "d386b3ae8146129663d0755ecea1fff6d8b17eaf"}], "ctags": [{"_type": "tag", "name": "delete_profile", "path": "/home/kavia/workspace/code-generation/digital-agency-management-dashboard-303630-303639/project_management_backend/src/api/routers/users.py", "pattern": "/^async def delete_profile(credentials: HTTPAuthorizationCredentials = Depends(security)):$/", "language": "Python", "kind": "function", "signature": "(credentials: HTTPAuthorizationCredentials = Depends(security))"}, {"_type": "tag", "name": "get_profile", "path": "/home/kavia/workspace/code-generation/digital-agency-management-dashboard-303630-303639/project_management_backend/src/api/routers/users.py", "pattern": "/^async def get_profile(credentials: HTTPAuthorizationCredentials = Depends(security)):$/", "language": "Python", "kind": "function", "signature": "(credentials: HTTPAuthorizationCredentials = Depends(security))"}, {"_type": "tag", "name": "router", "path": "/home/kavia/workspace/code-generation/digital-agency-management-dashboard-303630-303639/project_management_backend/src/api/routers/users.py", "pattern": "/^router = APIRouter(prefix=\"\\/users\", tags=[\"Users\"])$/", "language": "Python", "kind": "variable"}, {"_type": "tag", "name": "update_profile", "path": "/home/kavia/workspace/code-generation/digital-agency-management-dashboard-303630-303639/project_management_backend/src/api/routers/users.py", "pattern": "/^async def update_profile($/", "language": "Python", "kind": "function", "signature": "( profile_update: UserProfileUpdate, credentials: HTTPAuthorizationCredentials = Depends(security) )"}], "hash": "3c562d73e3e68ec8f5c42ead05472e80", "format-version": 4, "code-base-name": "project_management_backend", "filename": "project_management_backend/src/api/routers/users.py", "fields": [{"name": "router = APIRouter(prefix=\"\\/users\", tags=[\"Users\"])", "scope": "", "scopeKind": "", "description": "unavailable"}]}