{"is_source_file": true, "format": "Python", "description": "This file contains middleware and utility functions for authentication in a FastAPI project. It manages user authentication via Supabase and JWT tokens, providing functions to validate tokens, extract user info, and handle different auth scenarios.", "external_files": ["src.api.config"], "external_methods": ["src.api.config.get_supabase_client"], "published": ["get_current_user", "verify_token"], "classes": [], "methods": [{"name": "Optional[dict] _supabase_get_user(token: str)", "description": "Attempts to validate a token using Supabase auth and returns minimal user info if successful.", "scope": "", "scopeKind": ""}, {"name": "dict get_current_user(credentials: HTTPAuthorizationCredentials)", "description": "Async function to retrieve the current user info based on provided Bearer token, using either Supabase or local JWT verification.", "scope": "", "scopeKind": ""}, {"name": "Optional[dict] verify_token(token: str)", "description": "Verifies a JWT token locally and returns its payload if valid, otherwise returns None.", "scope": "", "scopeKind": ""}], "calls": ["get_supabase_client", "client.auth.get_user", "jwt.decode"], "search-terms": ["FastAPI middleware", "JWT verification", "Supabase auth", "get_current_user", "verify_token", "authentication"], "state": 2, "file_id": 7, "knowledge_revision": 37, "git_revision": "5a3dd6b8ad2345d0ff28b83764c1dfd419929b92", "revision_history": [{"25": ""}, {"32": "5a3dd6b8ad2345d0ff28b83764c1dfd419929b92"}, {"37": "5a3dd6b8ad2345d0ff28b83764c1dfd419929b92"}], "ctags": [{"_type": "tag", "name": "_supabase_get_user", "path": "/home/kavia/workspace/code-generation/digital-agency-management-dashboard-303630-303639/project_management_backend/src/api/middleware.py", "pattern": "/^def _supabase_get_user(token: str) -> Optional[dict]:$/", "language": "Python", "typeref": "typename:Optional[dict]", "kind": "function", "signature": "(token: str)"}, {"_type": "tag", "name": "get_current_user", "path": "/home/kavia/workspace/code-generation/digital-agency-management-dashboard-303630-303639/project_management_backend/src/api/middleware.py", "pattern": "/^async def get_current_user(credentials: HTTPAuthorizationCredentials) -> dict:$/", "language": "Python", "typeref": "typename:dict", "kind": "function", "signature": "(credentials: HTTPAuthorizationCredentials)"}, {"_type": "tag", "name": "security", "path": "/home/kavia/workspace/code-generation/digital-agency-management-dashboard-303630-303639/project_management_backend/src/api/middleware.py", "pattern": "/^security = HTTPBearer()$/", "language": "Python", "kind": "variable"}, {"_type": "tag", "name": "verify_token", "path": "/home/kavia/workspace/code-generation/digital-agency-management-dashboard-303630-303639/project_management_backend/src/api/middleware.py", "pattern": "/^def verify_token(token: str) -> Optional[dict]:$/", "language": "Python", "typeref": "typename:Optional[dict]", "kind": "function", "signature": "(token: str)"}], "hash": "aa6157185a92b97ad1d84183b2f2968a", "format-version": 4, "code-base-name": "project_management_backend", "filename": "project_management_backend/src/api/middleware.py", "fields": [{"name": "security = HTTPBearer()", "scope": "", "scopeKind": "", "description": "unavailable"}]}