{"is_source_file": true, "format": "Python", "description": "This is a FastAPI router module for handling user settings, preferences, and data export functionality in a web application. It defines API endpoints to get and update user settings such as theme preferences, and to export user data including projects, clients, and profile information.", "external_files": ["src.api.schemas", "src.api.config", "src.api.middleware"], "external_methods": ["get_supabase_client", "get_current_user"], "published": ["router"], "classes": [], "methods": [{"name": "get_settings(credentials: HTTPAuthorizationCredentials = Depends(security))", "description": "Retrieves user settings for an authenticated user, creating default settings if none exist.", "scope": "", "scopeKind": ""}, {"name": "update_theme( theme_data: ThemePreference, credentials: HTTPAuthorizationCredentials = Depends(security) )", "description": "Updates the theme preference ('light' or 'dark') for an authenticated user.", "scope": "", "scopeKind": ""}, {"name": "export_data(credentials: HTTPAuthorizationCredentials = Depends(security))", "description": "Exports all data associated with the authenticated user including profile, projects, clients, and settings.", "scope": "", "scopeKind": ""}], "calls": ["get_current_user(credentials)", "get_supabase_client()", "supabase.table(...).select(...).eq(...).execute()", "supabase.table(...).insert(...).execute()", "supabase.table(...).update(...).eq(...).execute()"], "search-terms": ["settings router", "user preferences", "data export endpoint", "user_settings table", "GET /settings", "PUT /settings/theme", "GET /settings/export"], "state": 2, "file_id": 13, "knowledge_revision": 44, "git_revision": "5e77667b9c5e255484d633346b1ba6468c96d4e2", "ctags": [{"_type": "tag", "name": "export_data", "path": "/home/kavia/workspace/code-generation/digital-agency-management-dashboard-303630-303639/project_management_backend/src/api/routers/settings.py", "pattern": "/^async def export_data(credentials: HTTPAuthorizationCredentials = Depends(security)):$/", "language": "Python", "kind": "function", "signature": "(credentials: HTTPAuthorizationCredentials = Depends(security))"}, {"_type": "tag", "name": "get_settings", "path": "/home/kavia/workspace/code-generation/digital-agency-management-dashboard-303630-303639/project_management_backend/src/api/routers/settings.py", "pattern": "/^async def get_settings(credentials: HTTPAuthorizationCredentials = Depends(security)):$/", "language": "Python", "kind": "function", "signature": "(credentials: HTTPAuthorizationCredentials = Depends(security))"}, {"_type": "tag", "name": "router", "path": "/home/kavia/workspace/code-generation/digital-agency-management-dashboard-303630-303639/project_management_backend/src/api/routers/settings.py", "pattern": "/^router = APIRouter(prefix=\"\\/settings\", tags=[\"Settings\"])$/", "language": "Python", "kind": "variable"}, {"_type": "tag", "name": "update_theme", "path": "/home/kavia/workspace/code-generation/digital-agency-management-dashboard-303630-303639/project_management_backend/src/api/routers/settings.py", "pattern": "/^async def update_theme($/", "language": "Python", "kind": "function", "signature": "( theme_data: ThemePreference, credentials: HTTPAuthorizationCredentials = Depends(security) )"}], "hash": "acb0138bb040f19ebd0b88edd9e48ae6", "format-version": 4, "code-base-name": "project_management_backend", "filename": "project_management_backend/src/api/routers/settings.py", "fields": [{"name": "router = APIRouter(prefix=\"\\/settings\", tags=[\"Settings\"])", "scope": "", "scopeKind": "", "description": "unavailable"}], "revision_history": [{"44": "5e77667b9c5e255484d633346b1ba6468c96d4e2"}]}