{"is_source_file": true, "format": "Python", "description": "A FastAPI router module for managing CRUD operations related to 'clients' in a project management backend. Contains route handlers for creating, listing, retrieving, updating, and deleting client records, utilizing dependencies, external database operations via Supabase, and model schemas.", "external_files": ["src.api.schemas", "src.api.config", "src.api.middleware"], "external_methods": ["get_supabase_client", "get_current_user"], "published": ["router"], "classes": [], "methods": [{"name": "create_client( client_data: ClientCreate, credentials: HTTPAuthorizationCredentials = Depends(security) )", "description": "Creates a new client record for the authenticated user.", "scope": "", "scopeKind": ""}, {"name": "list_clients(credentials: HTTPAuthorizationCredentials = Depends(security))", "description": "Retrieves all clients associated with the authenticated user.", "scope": "", "scopeKind": ""}, {"name": "get_client( client_id: str, credentials: HTTPAuthorizationCredentials = Depends(security) )", "description": "Retrieves a specific client by ID, ensuring ownership.", "scope": "", "scopeKind": ""}, {"name": "update_client( client_id: str, client_update: ClientUpdate, credentials: HTTPAuthorizationCredentials = Depends(security) )", "description": "Updates details for a specific client owned by the user.", "scope": "", "scopeKind": ""}, {"name": "delete_client( client_id: str, credentials: HTTPAuthorizationCredentials = Depends(security) )", "description": "Deletes a specified client, ensuring ownership.", "scope": "", "scopeKind": ""}], "calls": ["get_supabase_client()", "get_current_user(credentials)", "supabase.table().insert().execute()", "supabase.table().select().eq().execute()", "supabase.table().update().eq().execute()", "supabase.table().delete().eq().execute()"], "search-terms": ["clients API router", "FastAPI client management", "Supabase client operations", "Client CRUD endpoints", "authentication with security", "client schema models"], "state": 2, "file_id": 11, "knowledge_revision": 42, "git_revision": "d386b3ae8146129663d0755ecea1fff6d8b17eaf", "revision_history": [{"29": ""}, {"42": "d386b3ae8146129663d0755ecea1fff6d8b17eaf"}], "ctags": [{"_type": "tag", "name": "create_client", "path": "/home/kavia/workspace/code-generation/digital-agency-management-dashboard-303630-303639/project_management_backend/src/api/routers/clients.py", "pattern": "/^async def create_client($/", "language": "Python", "kind": "function", "signature": "( client_data: ClientCreate, credentials: HTTPAuthorizationCredentials = Depends(security) )"}, {"_type": "tag", "name": "delete_client", "path": "/home/kavia/workspace/code-generation/digital-agency-management-dashboard-303630-303639/project_management_backend/src/api/routers/clients.py", "pattern": "/^async def delete_client($/", "language": "Python", "kind": "function", "signature": "( client_id: str, credentials: HTTPAuthorizationCredentials = Depends(security) )"}, {"_type": "tag", "name": "get_client", "path": "/home/kavia/workspace/code-generation/digital-agency-management-dashboard-303630-303639/project_management_backend/src/api/routers/clients.py", "pattern": "/^async def get_client($/", "language": "Python", "kind": "function", "signature": "( client_id: str, credentials: HTTPAuthorizationCredentials = Depends(security) )"}, {"_type": "tag", "name": "list_clients", "path": "/home/kavia/workspace/code-generation/digital-agency-management-dashboard-303630-303639/project_management_backend/src/api/routers/clients.py", "pattern": "/^async def list_clients(credentials: HTTPAuthorizationCredentials = Depends(security)):$/", "language": "Python", "kind": "function", "signature": "(credentials: HTTPAuthorizationCredentials = Depends(security))"}, {"_type": "tag", "name": "router", "path": "/home/kavia/workspace/code-generation/digital-agency-management-dashboard-303630-303639/project_management_backend/src/api/routers/clients.py", "pattern": "/^router = APIRouter(prefix=\"\\/clients\", tags=[\"Clients\"])$/", "language": "Python", "kind": "variable"}, {"_type": "tag", "name": "update_client", "path": "/home/kavia/workspace/code-generation/digital-agency-management-dashboard-303630-303639/project_management_backend/src/api/routers/clients.py", "pattern": "/^async def update_client($/", "language": "Python", "kind": "function", "signature": "( client_id: str, client_update: ClientUpdate, credentials: HTTPAuthorizationCredentials = Depends(security) )"}], "hash": "f9234e5341c6007b5a6bff1863c41bb3", "format-version": 4, "code-base-name": "project_management_backend", "filename": "project_management_backend/src/api/routers/clients.py", "fields": [{"name": "router = APIRouter(prefix=\"\\/clients\", tags=[\"Clients\"])", "scope": "", "scopeKind": "", "description": "unavailable"}]}