{"is_source_file": true, "format": "Python", "description": "This file defines API routes for managing 'projects' in a web application using FastAPI. It includes CRUD operations such as creating, listing, retrieving, updating, and deleting projects, with each route handling specific project-related HTTP requests. The code interacts with a backend database via a Supabase client, and it incorporates authentication to ensure only authorized users can access or modify projects.", "external_files": ["src.api.schemas", "src.api.config", "src.api.middleware"], "external_methods": ["get_supabase_client", "get_current_user", "Project.model_dump", "ProjectCreate.model_dump", "ProjectUpdate.model_dump"], "published": ["router"], "classes": [{"name": "Project", "description": "Schema model representing a project, used for response serialization."}, {"name": "ProjectCreate", "description": "Schema model for creating a new project, defines required fields."}, {"name": "ProjectUpdate", "description": "Schema model for updating an existing project, supports optional fields."}], "methods": [{"name": "create_project( project_data: ProjectCreate, credentials: HTTPAuthorizationCredentials = Depends(security) )", "description": "Creates a new project for the authenticated user with provided data.", "scope": "", "scopeKind": ""}, {"name": "list_projects(credentials: HTTPAuthorizationCredentials = Depends(security))", "description": "Retrieves a list of all projects owned by the current user.", "scope": "", "scopeKind": ""}, {"name": "get_project( project_id: str, credentials: HTTPAuthorizationCredentials = Depends(security) )", "description": "Retrieves a specific project by ID, ensuring user ownership.", "scope": "", "scopeKind": ""}, {"name": "update_project( project_id: str, project_update: ProjectUpdate, credentials: HTTPAuthorizationCredentials = Depends(security) )", "description": "Updates fields of a specific project if the user is the owner.", "scope": "", "scopeKind": ""}, {"name": "delete_project( project_id: str, credentials: HTTPAuthorizationCredentials = Depends(security) )", "description": "Deletes a specific project if the user is the owner.", "scope": "", "scopeKind": ""}], "calls": ["get_supabase_client", "get_current_user", "supabase.table", "execute", "Project(**project)", "ProjectCreate.model_dump", "ProjectUpdate.model_dump", "supabase.table(\"projects\").insert", "supabase.table(\"projects\").select", "supabase.table(\"projects\").update", "supabase.table(\"projects\").delete"], "search-terms": ["projects CRUD", "FastAPI router", "supabase integration", "project schema", "user project management", "project owner verification"], "state": 2, "file_id": 10, "knowledge_revision": 45, "git_revision": "5e77667b9c5e255484d633346b1ba6468c96d4e2", "revision_history": [{"28": ""}, {"45": "5e77667b9c5e255484d633346b1ba6468c96d4e2"}], "ctags": [{"_type": "tag", "name": "create_project", "path": "/home/kavia/workspace/code-generation/digital-agency-management-dashboard-303630-303639/project_management_backend/src/api/routers/projects.py", "pattern": "/^async def create_project($/", "language": "Python", "kind": "function", "signature": "( project_data: ProjectCreate, credentials: HTTPAuthorizationCredentials = Depends(security) )"}, {"_type": "tag", "name": "delete_project", "path": "/home/kavia/workspace/code-generation/digital-agency-management-dashboard-303630-303639/project_management_backend/src/api/routers/projects.py", "pattern": "/^async def delete_project($/", "language": "Python", "kind": "function", "signature": "( project_id: str, credentials: HTTPAuthorizationCredentials = Depends(security) )"}, {"_type": "tag", "name": "get_project", "path": "/home/kavia/workspace/code-generation/digital-agency-management-dashboard-303630-303639/project_management_backend/src/api/routers/projects.py", "pattern": "/^async def get_project($/", "language": "Python", "kind": "function", "signature": "( project_id: str, credentials: HTTPAuthorizationCredentials = Depends(security) )"}, {"_type": "tag", "name": "list_projects", "path": "/home/kavia/workspace/code-generation/digital-agency-management-dashboard-303630-303639/project_management_backend/src/api/routers/projects.py", "pattern": "/^async def list_projects(credentials: HTTPAuthorizationCredentials = Depends(security)):$/", "language": "Python", "kind": "function", "signature": "(credentials: HTTPAuthorizationCredentials = Depends(security))"}, {"_type": "tag", "name": "router", "path": "/home/kavia/workspace/code-generation/digital-agency-management-dashboard-303630-303639/project_management_backend/src/api/routers/projects.py", "pattern": "/^router = APIRouter(prefix=\"\\/projects\", tags=[\"Projects\"])$/", "language": "Python", "kind": "variable"}, {"_type": "tag", "name": "update_project", "path": "/home/kavia/workspace/code-generation/digital-agency-management-dashboard-303630-303639/project_management_backend/src/api/routers/projects.py", "pattern": "/^async def update_project($/", "language": "Python", "kind": "function", "signature": "( project_id: str, project_update: ProjectUpdate, credentials: HTTPAuthorizationCredentials = Depends(security) )"}], "hash": "56bacbfab1f3a78e264e62b21a94851d", "format-version": 4, "code-base-name": "project_management_backend", "filename": "project_management_backend/src/api/routers/projects.py", "fields": [{"name": "router = APIRouter(prefix=\"\\/projects\", tags=[\"Projects\"])", "scope": "", "scopeKind": "", "description": "unavailable"}]}