{"is_source_file": true, "format": "Python", "description": "This file generates and writes the OpenAPI schema for the project by invoking the application's `openapi()` method and saving the resulting schema to a JSON file.", "external_files": ["src/api/main.py"], "external_methods": ["app.openapi()"], "published": [], "classes": [], "methods": [{"name": "app.openapi()", "description": "Method that returns the OpenAPI schema for the API application"}], "calls": ["sys.path.insert", "os.path.abspath", "os.path.join", "app.openapi", "os.makedirs", "json.dump"], "search-terms": ["generate_openapi", "openapi_schema", "write openapi json", "app.openapi", "schema generation"], "state": 2, "file_id": 2, "knowledge_revision": 23, "git_revision": "e0de3f0029d4d9955d408fef72bd03c92d94cb26", "revision_history": [{"9": "e0de3f0029d4d9955d408fef72bd03c92d94cb26"}, {"23": "e0de3f0029d4d9955d408fef72bd03c92d94cb26"}], "ctags": [{"_type": "tag", "name": "openapi_schema", "path": "/home/kavia/workspace/code-generation/digital-agency-management-dashboard-303630-303639/project_management_backend/src/api/generate_openapi.py", "pattern": "/^openapi_schema = app.openapi()$/", "language": "Python", "kind": "variable"}, {"_type": "tag", "name": "output_dir", "path": "/home/kavia/workspace/code-generation/digital-agency-management-dashboard-303630-303639/project_management_backend/src/api/generate_openapi.py", "pattern": "/^output_dir = \"interfaces\"$/", "language": "Python", "kind": "variable"}, {"_type": "tag", "name": "output_path", "path": "/home/kavia/workspace/code-generation/digital-agency-management-dashboard-303630-303639/project_management_backend/src/api/generate_openapi.py", "pattern": "/^output_path = os.path.join(output_dir, \"openapi.json\")$/", "language": "Python", "kind": "variable"}], "hash": "9aeeb94fab497cfa7536403f7872e4bd", "format-version": 4, "code-base-name": "project_management_backend", "filename": "project_management_backend/src/api/generate_openapi.py", "fields": [{"name": "openapi_schema = app.openapi()", "scope": "", "scopeKind": "", "description": "unavailable"}, {"name": "output_dir = \"interfaces\"", "scope": "", "scopeKind": "", "description": "unavailable"}, {"name": "output_path = os.path.join(output_dir, \"openapi.json\")", "scope": "", "scopeKind": "", "description": "unavailable"}]}