{"is_source_file": true, "file_id": 1, "git_revision": "e0de3f0029d4d9955d408fef72bd03c92d94cb26", "state": 2, "description": "", "external_files": [], "external_methods": [], "published": [], "classes": [], "methods": [], "calls": [], "search-terms": [], "ctags": [], "hash": null, "format-version": 4, "code-base-name": "project_management_backend", "filename": "project_management_backend/src/api/__init__.py", "knowledge_revision": 6, "revision_history": [{"6": "e0de3f0029d4d9955d408fef72bd03c92d94cb26"}]}