{"is_source_file": true, "format": "Python", "description": "This is a configuration module for setting up environment variables, initializing services like Supabase, and managing application configuration parameters for a backend service in Python. It handles environment variable loading, lazy initialization of the Supabase client, and provides utility functions for accessing configuration data and secrets masking.", "external_files": ["dotenv"], "external_methods": ["os.getenv", "load_dotenv", "supabase.create_client"], "published": ["get_supabase_client", "get_env_summary", "supabase"], "classes": [], "methods": [{"name": "Optional[str] _getenv_any(*names: str, default: Optional[str] = None)", "description": "Returns the first non-empty environment variable value among the provided names, or a default if none are set.", "scope": "", "scopeKind": ""}, {"name": "str _mask(value: Optional[str], show: int = 4)", "description": "Masks sensitive secret values for logging purposes.", "scope": "", "scopeKind": ""}, {"name": "get_supabase_client()", "description": "Lazily initializes and returns a Supabase client instance for database and auth operations.", "scope": "", "scopeKind": ""}, {"name": "dict get_env_summary()", "description": "Returns a masked summary of key environment variables and configuration statuses for startup logs.", "scope": "", "scopeKind": ""}], "calls": ["load_dotenv", "os.getenv", "create_client", "logger.info", "logger.warning", "get_supabase_client", "get_env_summary"], "search-terms": ["Supabase client", "environment variable loader", "lazy initialization", "config masking", "Python environment config"], "state": 2, "file_id": 5, "knowledge_revision": 36, "git_revision": "4d2b8b1e6435d1c437c03bb217e51a61cfde6ffc", "revision_history": [{"15": ""}, {"35": "4d2b8b1e6435d1c437c03bb217e51a61cfde6ffc"}, {"36": "4d2b8b1e6435d1c437c03bb217e51a61cfde6ffc"}], "ctags": [{"_type": "tag", "name": "ACCESS_TOKEN_EXPIRE_MINUTES", "path": "/home/kavia/workspace/code-generation/digital-agency-management-dashboard-303630-303639/project_management_backend/src/api/config.py", "pattern": "/^ACCESS_TOKEN_EXPIRE_MINUTES = int(_getenv_any(\"ACCESS_TOKEN_EXPIRE_MINUTES\", default=\"60\") or \"6/", "language": "Python", "kind": "variable"}, {"_type": "tag", "name": "ALLOWED_ORIGINS", "path": "/home/kavia/workspace/code-generation/digital-agency-management-dashboard-303630-303639/project_management_backend/src/api/config.py", "pattern": "/^ALLOWED_ORIGINS = [o.strip() for o in ALLOWED_ORIGINS_RAW.split(\",\") if o.strip()]$/", "language": "Python", "kind": "variable"}, {"_type": "tag", "name": "ALLOWED_ORIGINS_RAW", "path": "/home/kavia/workspace/code-generation/digital-agency-management-dashboard-303630-303639/project_management_backend/src/api/config.py", "pattern": "/^ALLOWED_ORIGINS_RAW = _getenv_any(\"ALLOWED_ORIGINS\", \"REACT_APP_ALLOWED_ORIGINS\", default=\"\")$/", "language": "Python", "kind": "variable"}, {"_type": "tag", "name": "AUTH_CONFIGURED", "path": "/home/kavia/workspace/code-generation/digital-agency-management-dashboard-303630-303639/project_management_backend/src/api/config.py", "pattern": "/^AUTH_CONFIGURED = bool(JWT_SECRET) or (bool(SUPABASE_URL) and bool(SUPABASE_KEY))$/", "language": "Python", "kind": "variable"}, {"_type": "tag", "name": "BACKEND_URL", "path": "/home/kavia/workspace/code-generation/digital-agency-management-dashboard-303630-303639/project_management_backend/src/api/config.py", "pattern": "/^BACKEND_URL = _getenv_any(\"BACKEND_URL\", \"REACT_APP_BACKEND_URL\", default=\"http:\\/\\/localhost:30/", "language": "Python", "kind": "variable"}, {"_type": "tag", "name": "FRONTEND_URL", "path": "/home/kavia/workspace/code-generation/digital-agency-management-dashboard-303630-303639/project_management_backend/src/api/config.py", "pattern": "/^FRONTEND_URL = _getenv_any(\"FRONTEND_URL\", \"REACT_APP_FRONTEND_URL\", default=\"http:\\/\\/localhost/", "language": "Python", "kind": "variable"}, {"_type": "tag", "name": "JWT_ALGORITHM", "path": "/home/kavia/workspace/code-generation/digital-agency-management-dashboard-303630-303639/project_management_backend/src/api/config.py", "pattern": "/^JWT_ALGORITHM = _getenv_any(\"JWT_ALGORITHM\", \"REACT_APP_JWT_ALGORITHM\", default=\"HS256\")$/", "language": "Python", "kind": "variable"}, {"_type": "tag", "name": "JWT_SECRET", "path": "/home/kavia/workspace/code-generation/digital-agency-management-dashboard-303630-303639/project_management_backend/src/api/config.py", "pattern": "/^JWT_SECRET = _getenv_any(\"JWT_SECRET\", \"REACT_APP_JWT_SECRET\")$/", "language": "Python", "kind": "variable"}, {"_type": "tag", "name": "SITE_URL", "path": "/home/kavia/workspace/code-generation/digital-agency-management-dashboard-303630-303639/project_management_backend/src/api/config.py", "pattern": "/^SITE_URL = _getenv_any(\"SITE_URL\", \"REACT_APP_SITE_URL\", default=FRONTEND_URL)$/", "language": "Python", "kind": "variable"}, {"_type": "tag", "name": "SUPABASE_KEY", "path": "/home/kavia/workspace/code-generation/digital-agency-management-dashboard-303630-303639/project_management_backend/src/api/config.py", "pattern": "/^SUPABASE_KEY = _getenv_any(\"SUPABASE_KEY\", \"REACT_APP_SUPABASE_KEY\")$/", "language": "Python", "kind": "variable"}, {"_type": "tag", "name": "SUPABASE_URL", "path": "/home/kavia/workspace/code-generation/digital-agency-management-dashboard-303630-303639/project_management_backend/src/api/config.py", "pattern": "/^SUPABASE_URL = _getenv_any(\"SUPABASE_URL\", \"REACT_APP_SUPABASE_URL\")$/", "language": "Python", "kind": "variable"}, {"_type": "tag", "name": "_getenv_any", "path": "/home/kavia/workspace/code-generation/digital-agency-management-dashboard-303630-303639/project_management_backend/src/api/config.py", "pattern": "/^def _getenv_any(*names: str, default: Optional[str] = None) -> Optional[str]:$/", "language": "Python", "typeref": "typename:Optional[str]", "kind": "function", "signature": "(*names: str, default: Optional[str] = None)"}, {"_type": "tag", "name": "_mask", "path": "/home/kavia/workspace/code-generation/digital-agency-management-dashboard-303630-303639/project_management_backend/src/api/config.py", "pattern": "/^def _mask(value: Optional[str], show: int = 4) -> str:$/", "language": "Python", "typeref": "typename:str", "kind": "function", "signature": "(value: Optional[str], show: int = 4)"}, {"_type": "tag", "name": "_supabase_client", "path": "/home/kavia/workspace/code-generation/digital-agency-management-dashboard-303630-303639/project_management_backend/src/api/config.py", "pattern": "/^_supabase_client = None$/", "language": "Python", "kind": "variable"}, {"_type": "tag", "name": "get_env_summary", "path": "/home/kavia/workspace/code-generation/digital-agency-management-dashboard-303630-303639/project_management_backend/src/api/config.py", "pattern": "/^def get_env_summary() -> dict:$/", "language": "Python", "typeref": "typename:dict", "kind": "function", "signature": "()"}, {"_type": "tag", "name": "get_supabase_client", "path": "/home/kavia/workspace/code-generation/digital-agency-management-dashboard-303630-303639/project_management_backend/src/api/config.py", "pattern": "/^def get_supabase_client():$/", "language": "Python", "kind": "function", "signature": "()"}, {"_type": "tag", "name": "logger", "path": "/home/kavia/workspace/code-generation/digital-agency-management-dashboard-303630-303639/project_management_backend/src/api/config.py", "pattern": "/^logger = logging.getLogger(__name__)$/", "language": "Python", "kind": "variable"}, {"_type": "tag", "name": "supabase", "path": "/home/kavia/workspace/code-generation/digital-agency-management-dashboard-303630-303639/project_management_backend/src/api/config.py", "pattern": "/^        supabase = get_supabase_client()$/", "language": "Python", "kind": "variable"}, {"_type": "tag", "name": "supabase", "path": "/home/kavia/workspace/code-generation/digital-agency-management-dashboard-303630-303639/project_management_backend/src/api/config.py", "pattern": "/^    supabase = None$/", "language": "Python", "kind": "variable"}, {"_type": "tag", "name": "supabase", "path": "/home/kavia/workspace/code-generation/digital-agency-management-dashboard-303630-303639/project_management_backend/src/api/config.py", "pattern": "/^supabase = None$/", "language": "Python", "kind": "variable"}], "hash": "ef109ac8b3e2ec6902526cc58707cdfa", "format-version": 4, "code-base-name": "project_management_backend", "filename": "project_management_backend/src/api/config.py", "fields": [{"name": "ACCESS_TOKEN_EXPIRE_MINUTES = int(_getenv_any(\"ACCESS_TOKEN_EXPIRE_MINUTES\", default=\"60\") or \"6/", "scope": "", "scopeKind": "", "description": "unavailable"}, {"name": "ALLOWED_ORIGINS = [o.strip() for o in ALLOWED_ORIGINS_RAW.split(\",\") if o.strip()]", "scope": "", "scopeKind": "", "description": "unavailable"}, {"name": "ALLOWED_ORIGINS_RAW = _getenv_any(\"ALLOWED_ORIGINS\", \"REACT_APP_ALLOWED_ORIGINS\", default=\"\")", "scope": "", "scopeKind": "", "description": "unavailable"}, {"name": "AUTH_CONFIGURED = bool(JWT_SECRET) or (bool(SUPABASE_URL) and bool(SUPABASE_KEY))", "scope": "", "scopeKind": "", "description": "unavailable"}, {"name": "BACKEND_URL = _getenv_any(\"BACKEND_URL\", \"REACT_APP_BACKEND_URL\", default=\"http:\\/\\/localhost:30/", "scope": "", "scopeKind": "", "description": "unavailable"}, {"name": "FRONTEND_URL = _getenv_any(\"FRONTEND_URL\", \"REACT_APP_FRONTEND_URL\", default=\"http:\\/\\/localhost/", "scope": "", "scopeKind": "", "description": "unavailable"}, {"name": "JWT_ALGORITHM = _getenv_any(\"JWT_ALGORITHM\", \"REACT_APP_JWT_ALGORITHM\", default=\"HS256\")", "scope": "", "scopeKind": "", "description": "unavailable"}, {"name": "JWT_SECRET = _getenv_any(\"JWT_SECRET\", \"REACT_APP_JWT_SECRET\")", "scope": "", "scopeKind": "", "description": "unavailable"}, {"name": "SITE_URL = _getenv_any(\"SITE_URL\", \"REACT_APP_SITE_URL\", default=FRONTEND_URL)", "scope": "", "scopeKind": "", "description": "unavailable"}, {"name": "SUPABASE_KEY = _getenv_any(\"SUPABASE_KEY\", \"REACT_APP_SUPABASE_KEY\")", "scope": "", "scopeKind": "", "description": "unavailable"}, {"name": "SUPABASE_URL = _getenv_any(\"SUPABASE_URL\", \"REACT_APP_SUPABASE_URL\")", "scope": "", "scopeKind": "", "description": "unavailable"}, {"name": "_supabase_client = None", "scope": "", "scopeKind": "", "description": "unavailable"}, {"name": "logger = logging.getLogger(__name__)", "scope": "", "scopeKind": "", "description": "unavailable"}, {"name": "supabase = get_supabase_client()", "scope": "", "scopeKind": "", "description": "unavailable"}, {"name": "supabase = None", "scope": "", "scopeKind": "", "description": "unavailable"}]}