{"is_source_file": false, "format": "", "description": "", "external_files": [], "external_methods": [], "published": [], "classes": [], "methods": [], "calls": [], "search-terms": [], "state": 2, "file_id": 4, "knowledge_revision": 7, "git_revision": "4ccda692a2fc144554510e99bfd9495b60186098", "hash": "de89cb78097456a121b1799c0ab6da9a", "format-version": 4, "code-base-name": "project_management_backend", "filename": "README.md", "revision_history": [{"7": "4ccda692a2fc144554510e99bfd9495b60186098"}]}